best_alpha,best_cv_mae
38.2029630712465,0.8248017459531448
